preview_url,available_markets,explicit,type,episode,track,album,artists,disc_number,track_number,duration_ms,external_ids,external_urls,href,id,name,popularity,uri,is_local
,"['AR', 'AU', 'AT', 'BE', 'BO', 'BR', 'BG', 'CA', 'CL', 'CO', 'CR', 'CY', 'CZ', 'DK', 'DO', 'DE', 'EC', 'EE', 'SV', 'FI', 'FR', 'GR', 'GT', 'HN', 'HK', 'HU', 'IS', 'IE', 'IT', 'LV', 'LT', 'LU', 'MY', 'MT', 'MX', 'NL', 'NZ', 'NI', 'NO', 'PA', 'PY', 'PE', 'PH', 'PL', 'PT', 'SG', 'SK', 'ES', 'SE', 'CH', 'TW', 'TR', 'UY', 'US', 'GB', 'AD', 'LI', 'MC', 'ID', 'JP', 'TH', 'VN', 'RO', 'IL', 'ZA', 'SA', 'AE', 'BH', 'QA', 'OM', 'KW', 'EG', 'MA', 'DZ', 'TN', 'LB', 'JO', 'PS', 'IN', 'BY', 'KZ', 'MD', 'UA', 'AL', 'BA', 'HR', 'ME', 'MK', 'RS', 'SI', 'KR', 'BD', 'PK', 'LK', 'GH', 'KE', 'NG', 'TZ', 'UG', 'AG', 'AM', 'BS', 'BB', 'BZ', 'BT', 'BW', 'BF', 'CV', 'CW', 'DM', 'FJ', 'GM', 'GE', 'GD', 'GW', 'GY', 'HT', 'JM', 'KI', 'LS', 'LR', 'MW', 'MV', 'ML', 'MH', 'FM', 'NA', 'NR', 'NE', 'PW', 'PG', 'PR', 'WS', 'SM', 'ST', 'SN', 'SC', 'SL', 'SB', 'KN', 'LC', 'VC', 'SR', 'TL', 'TO', 'TT', 'TV', 'VU', 'AZ', 'BN', 'BI', 'KH', 'CM', 'TD', 'KM', 'GQ', 'SZ', 'GA', 'GN', 'KG', 'LA', 'MO', 'MR', 'MN', 'NP', 'RW', 'TG', 'UZ', 'ZW', 'BJ', 'MG', 'MU', 'MZ', 'AO', 'CI', 'DJ', 'ZM', 'CD', 'CG', 'IQ', 'LY', 'TJ', 'VE', 'ET', 'XK']",True,track,False,True,"{'available_markets': ['AR', 'AU', 'AT', 'BE', 'BO', 'BR', 'BG', 'CA', 'CL', 'CO', 'CR', 'CY', 'CZ', 'DK', 'DO', 'DE', 'EC', 'EE', 'SV', 'FI', 'FR', 'GR', 'GT', 'HN', 'HK', 'HU', 'IS', 'IE', 'IT', 'LV', 'LT', 'LU', 'MY', 'MT', 'MX', 'NL', 'NZ', 'NI', 'NO', 'PA', 'PY', 'PE', 'PH', 'PL', 'PT', 'SG', 'SK', 'ES', 'SE', 'CH', 'TW', 'TR', 'UY', 'US', 'GB', 'AD', 'LI', 'MC', 'ID', 'JP', 'TH', 'VN', 'RO', 'IL', 'ZA', 'SA', 'AE', 'BH', 'QA', 'OM', 'KW', 'EG', 'MA', 'DZ', 'TN', 'LB', 'JO', 'PS', 'IN', 'BY', 'KZ', 'MD', 'UA', 'AL', 'BA', 'HR', 'ME', 'MK', 'RS', 'SI', 'KR', 'BD', 'PK', 'LK', 'GH', 'KE', 'NG', 'TZ', 'UG', 'AG', 'AM', 'BS', 'BB', 'BZ', 'BT', 'BW', 'BF', 'CV', 'CW', 'DM', 'FJ', 'GM', 'GE', 'GD', 'GW', 'GY', 'HT', 'JM', 'KI', 'LS', 'LR', 'MW', 'MV', 'ML', 'MH', 'FM', 'NA', 'NR', 'NE', 'PW', 'PG', 'PR', 'WS', 'SM', 'ST', 'SN', 'SC', 'SL', 'SB', 'KN', 'LC', 'VC', 'SR', 'TL', 'TO', 'TT', 'TV', 'VU', 'AZ', 'BN', 'BI', 'KH', 'CM', 'TD', 'KM', 'GQ', 'SZ', 'GA', 'GN', 'KG', 'LA', 'MO', 'MR', 'MN', 'NP', 'RW', 'TG', 'UZ', 'ZW', 'BJ', 'MG', 'MU', 'MZ', 'AO', 'CI', 'DJ', 'ZM', 'CD', 'CG', 'IQ', 'LY', 'TJ', 'VE', 'ET', 'XK'], 'type': 'album', 'album_type': 'album', 'href': 'https://api.spotify.com/v1/albums/2auohLjWa2zQxyOVkLsMCd', 'id': '2auohLjWa2zQxyOVkLsMCd', 'images': [{'height': 640, 'url': 'https://i.scdn.co/image/ab67616d0000b27320f5dac1b5c6ddfe2f11c07d', 'width': 640}, {'height': 300, 'url': 'https://i.scdn.co/image/ab67616d00001e0220f5dac1b5c6ddfe2f11c07d', 'width': 300}, {'height': 64, 'url': 'https://i.scdn.co/image/ab67616d0000485120f5dac1b5c6ddfe2f11c07d', 'width': 64}], 'name': 'Meek, Vol. 3', 'release_date': '2018-03-29', 'release_date_precision': 'day', 'uri': 'spotify:album:2auohLjWa2zQxyOVkLsMCd', 'artists': [{'external_urls': {'spotify': 'https://open.spotify.com/artist/17Zu03OgBVxgLxWmRUyNOJ'}, 'href': 'https://api.spotify.com/v1/artists/17Zu03OgBVxgLxWmRUyNOJ', 'id': '17Zu03OgBVxgLxWmRUyNOJ', 'name': 'Knxwledge', 'type': 'artist', 'uri': 'spotify:artist:17Zu03OgBVxgLxWmRUyNOJ'}], 'external_urls': {'spotify': 'https://open.spotify.com/album/2auohLjWa2zQxyOVkLsMCd'}, 'total_tracks': 8}","[{'external_urls': {'spotify': 'https://open.spotify.com/artist/17Zu03OgBVxgLxWmRUyNOJ'}, 'href': 'https://api.spotify.com/v1/artists/17Zu03OgBVxgLxWmRUyNOJ', 'id': '17Zu03OgBVxgLxWmRUyNOJ', 'name': 'Knxwledge', 'type': 'artist', 'uri': 'spotify:artist:17Zu03OgBVxgLxWmRUyNOJ'}]",1,4,74761,{'isrc': 'QZFZ42035520'},{'spotify': 'https://open.spotify.com/track/6NYjwsMjq0ZTZ0j27tLjz6'},https://api.spotify.com/v1/tracks/6NYjwsMjq0ZTZ0j27tLjz6,6NYjwsMjq0ZTZ0j27tLjz6,Slicedat_,40,spotify:track:6NYjwsMjq0ZTZ0j27tLjz6,False
,"['AR', 'AU', 'AT', 'BE', 'BO', 'BR', 'BG', 'CA', 'CL', 'CO', 'CR', 'CY', 'CZ', 'DK', 'DO', 'DE', 'EC', 'EE', 'SV', 'FI', 'FR', 'GR', 'GT', 'HN', 'HK', 'HU', 'IS', 'IE', 'IT', 'LV', 'LT', 'LU', 'MY', 'MT', 'MX', 'NL', 'NZ', 'NI', 'NO', 'PA', 'PY', 'PE', 'PH', 'PL', 'PT', 'SG', 'SK', 'ES', 'SE', 'CH', 'TW', 'TR', 'UY', 'US', 'GB', 'AD', 'LI', 'MC', 'ID', 'JP', 'TH', 'VN', 'RO', 'IL', 'ZA', 'SA', 'AE', 'BH', 'QA', 'OM', 'KW', 'EG', 'MA', 'DZ', 'TN', 'LB', 'JO', 'PS', 'IN', 'BY', 'KZ', 'MD', 'UA', 'AL', 'BA', 'HR', 'ME', 'MK', 'RS', 'SI', 'KR', 'BD', 'PK', 'LK', 'GH', 'KE', 'NG', 'TZ', 'UG', 'AG', 'AM', 'BS', 'BB', 'BZ', 'BT', 'BW', 'BF', 'CV', 'CW', 'DM', 'FJ', 'GM', 'GE', 'GD', 'GW', 'GY', 'HT', 'JM', 'KI', 'LS', 'LR', 'MW', 'MV', 'ML', 'MH', 'FM', 'NA', 'NR', 'NE', 'PW', 'PG', 'PR', 'WS', 'SM', 'ST', 'SN', 'SC', 'SL', 'SB', 'KN', 'LC', 'VC', 'SR', 'TL', 'TO', 'TT', 'TV', 'VU', 'AZ', 'BN', 'BI', 'KH', 'CM', 'TD', 'KM', 'GQ', 'SZ', 'GA', 'GN', 'KG', 'LA', 'MO', 'MR', 'MN', 'NP', 'RW', 'TG', 'UZ', 'ZW', 'BJ', 'MG', 'MU', 'MZ', 'AO', 'CI', 'DJ', 'ZM', 'CD', 'CG', 'IQ', 'LY', 'TJ', 'VE', 'ET', 'XK']",True,track,False,True,"{'available_markets': ['AR', 'AU', 'AT', 'BE', 'BO', 'BR', 'BG', 'CA', 'CL', 'CO', 'CR', 'CY', 'CZ', 'DK', 'DO', 'DE', 'EC', 'EE', 'SV', 'FI', 'FR', 'GR', 'GT', 'HN', 'HK', 'HU', 'IS', 'IE', 'IT', 'LV', 'LT', 'LU', 'MY', 'MT', 'MX', 'NL', 'NZ', 'NI', 'NO', 'PA', 'PY', 'PE', 'PH', 'PL', 'PT', 'SG', 'SK', 'ES', 'SE', 'CH', 'TW', 'TR', 'UY', 'US', 'GB', 'AD', 'LI', 'MC', 'ID', 'JP', 'TH', 'VN', 'RO', 'IL', 'ZA', 'SA', 'AE', 'BH', 'QA', 'OM', 'KW', 'EG', 'MA', 'DZ', 'TN', 'LB', 'JO', 'PS', 'IN', 'BY', 'KZ', 'MD', 'UA', 'AL', 'BA', 'HR', 'ME', 'MK', 'RS', 'SI', 'KR', 'BD', 'PK', 'LK', 'GH', 'KE', 'NG', 'TZ', 'UG', 'AG', 'AM', 'BS', 'BB', 'BZ', 'BT', 'BW', 'BF', 'CV', 'CW', 'DM', 'FJ', 'GM', 'GE', 'GD', 'GW', 'GY', 'HT', 'JM', 'KI', 'LS', 'LR', 'MW', 'MV', 'ML', 'MH', 'FM', 'NA', 'NR', 'NE', 'PW', 'PG', 'PR', 'WS', 'SM', 'ST', 'SN', 'SC', 'SL', 'SB', 'KN', 'LC', 'VC', 'SR', 'TL', 'TO', 'TT', 'TV', 'VU', 'AZ', 'BN', 'BI', 'KH', 'CM', 'TD', 'KM', 'GQ', 'SZ', 'GA', 'GN', 'KG', 'LA', 'MO', 'MR', 'MN', 'NP', 'RW', 'TG', 'UZ', 'ZW', 'BJ', 'MG', 'MU', 'MZ', 'AO', 'CI', 'DJ', 'ZM', 'CD', 'CG', 'IQ', 'LY', 'TJ', 'VE', 'ET', 'XK'], 'type': 'album', 'album_type': 'single', 'href': 'https://api.spotify.com/v1/albums/1y8KPFWhfmZ3LGeLDf4AOu', 'id': '1y8KPFWhfmZ3LGeLDf4AOu', 'images': [{'height': 640, 'url': 'https://i.scdn.co/image/ab67616d0000b2730cc0b36379c71e1276ba35da', 'width': 640}, {'height': 300, 'url': 'https://i.scdn.co/image/ab67616d00001e020cc0b36379c71e1276ba35da', 'width': 300}, {'height': 64, 'url': 'https://i.scdn.co/image/ab67616d000048510cc0b36379c71e1276ba35da', 'width': 64}], 'name': 'Get Jiggy', 'release_date': '2025-02-27', 'release_date_precision': 'day', 'uri': 'spotify:album:1y8KPFWhfmZ3LGeLDf4AOu', 'artists': [{'external_urls': {'spotify': 'https://open.spotify.com/artist/2bnV4zuMP2tBXzsGbPmkuo'}, 'href': 'https://api.spotify.com/v1/artists/2bnV4zuMP2tBXzsGbPmkuo', 'id': '2bnV4zuMP2tBXzsGbPmkuo', 'name': 'B Jack$', 'type': 'artist', 'uri': 'spotify:artist:2bnV4zuMP2tBXzsGbPmkuo'}, {'external_urls': {'spotify': 'https://open.spotify.com/artist/1alf4P7GDe5aNpALBzWIGf'}, 'href': 'https://api.spotify.com/v1/artists/1alf4P7GDe5aNpALBzWIGf', 'id': '1alf4P7GDe5aNpALBzWIGf', 'name': 'ZEDDY WILL', 'type': 'artist', 'uri': 'spotify:artist:1alf4P7GDe5aNpALBzWIGf'}], 'external_urls': {'spotify': 'https://open.spotify.com/album/1y8KPFWhfmZ3LGeLDf4AOu'}, 'total_tracks': 1}","[{'external_urls': {'spotify': 'https://open.spotify.com/artist/2bnV4zuMP2tBXzsGbPmkuo'}, 'href': 'https://api.spotify.com/v1/artists/2bnV4zuMP2tBXzsGbPmkuo', 'id': '2bnV4zuMP2tBXzsGbPmkuo', 'name': 'B Jack$', 'type': 'artist', 'uri': 'spotify:artist:2bnV4zuMP2tBXzsGbPmkuo'}, {'external_urls': {'spotify': 'https://open.spotify.com/artist/1alf4P7GDe5aNpALBzWIGf'}, 'href': 'https://api.spotify.com/v1/artists/1alf4P7GDe5aNpALBzWIGf', 'id': '1alf4P7GDe5aNpALBzWIGf', 'name': 'ZEDDY WILL', 'type': 'artist', 'uri': 'spotify:artist:1alf4P7GDe5aNpALBzWIGf'}]",1,1,118153,{'isrc': 'QZQAY2543218'},{'spotify': 'https://open.spotify.com/track/55NuTxRk1TyKzpgD8dC1IY'},https://api.spotify.com/v1/tracks/55NuTxRk1TyKzpgD8dC1IY,55NuTxRk1TyKzpgD8dC1IY,Get Jiggy,78,spotify:track:55NuTxRk1TyKzpgD8dC1IY,False
,"['AR', 'AU', 'AT', 'BE', 'BO', 'BR', 'BG', 'CA', 'CL', 'CO', 'CR', 'CY', 'CZ', 'DK', 'DO', 'DE', 'EC', 'EE', 'SV', 'FI', 'FR', 'GR', 'GT', 'HN', 'HK', 'HU', 'IS', 'IE', 'IT', 'LV', 'LT', 'LU', 'MY', 'MT', 'MX', 'NL', 'NZ', 'NI', 'NO', 'PA', 'PY', 'PE', 'PH', 'PL', 'PT', 'SG', 'SK', 'ES', 'SE', 'CH', 'TW', 'TR', 'UY', 'US', 'GB', 'AD', 'LI', 'MC', 'ID', 'JP', 'TH', 'VN', 'RO', 'IL', 'ZA', 'SA', 'AE', 'BH', 'QA', 'OM', 'KW', 'EG', 'MA', 'DZ', 'TN', 'LB', 'JO', 'PS', 'IN', 'BY', 'KZ', 'MD', 'UA', 'AL', 'BA', 'HR', 'ME', 'MK', 'RS', 'SI', 'KR', 'BD', 'PK', 'LK', 'GH', 'KE', 'NG', 'TZ', 'UG', 'AG', 'AM', 'BS', 'BB', 'BZ', 'BT', 'BW', 'BF', 'CV', 'CW', 'DM', 'FJ', 'GM', 'GE', 'GD', 'GW', 'GY', 'HT', 'JM', 'KI', 'LS', 'LR', 'MW', 'MV', 'ML', 'MH', 'FM', 'NA', 'NR', 'NE', 'PW', 'PG', 'PR', 'WS', 'SM', 'ST', 'SN', 'SC', 'SL', 'SB', 'KN', 'LC', 'VC', 'SR', 'TL', 'TO', 'TT', 'TV', 'VU', 'AZ', 'BN', 'BI', 'KH', 'CM', 'TD', 'KM', 'GQ', 'SZ', 'GA', 'GN', 'KG', 'LA', 'MO', 'MR', 'MN', 'NP', 'RW', 'TG', 'UZ', 'ZW', 'BJ', 'MG', 'MU', 'MZ', 'AO', 'CI', 'DJ', 'ZM', 'CD', 'CG', 'IQ', 'LY', 'TJ', 'VE', 'ET', 'XK']",True,track,False,True,"{'available_markets': ['AR', 'AU', 'AT', 'BE', 'BO', 'BR', 'BG', 'CA', 'CL', 'CO', 'CR', 'CY', 'CZ', 'DK', 'DO', 'DE', 'EC', 'EE', 'SV', 'FI', 'FR', 'GR', 'GT', 'HN', 'HK', 'HU', 'IS', 'IE', 'IT', 'LV', 'LT', 'LU', 'MY', 'MT', 'MX', 'NL', 'NZ', 'NI', 'NO', 'PA', 'PY', 'PE', 'PH', 'PL', 'PT', 'SG', 'SK', 'ES', 'SE', 'CH', 'TW', 'TR', 'UY', 'US', 'GB', 'AD', 'LI', 'MC', 'ID', 'JP', 'TH', 'VN', 'RO', 'IL', 'ZA', 'SA', 'AE', 'BH', 'QA', 'OM', 'KW', 'EG', 'MA', 'DZ', 'TN', 'LB', 'JO', 'PS', 'IN', 'BY', 'KZ', 'MD', 'UA', 'AL', 'BA', 'HR', 'ME', 'MK', 'RS', 'SI', 'KR', 'BD', 'PK', 'LK', 'GH', 'KE', 'NG', 'TZ', 'UG', 'AG', 'AM', 'BS', 'BB', 'BZ', 'BT', 'BW', 'BF', 'CV', 'CW', 'DM', 'FJ', 'GM', 'GE', 'GD', 'GW', 'GY', 'HT', 'JM', 'KI', 'LS', 'LR', 'MW', 'MV', 'ML', 'MH', 'FM', 'NA', 'NR', 'NE', 'PW', 'PG', 'PR', 'WS', 'SM', 'ST', 'SN', 'SC', 'SL', 'SB', 'KN', 'LC', 'VC', 'SR', 'TL', 'TO', 'TT', 'TV', 'VU', 'AZ', 'BN', 'BI', 'KH', 'CM', 'TD', 'KM', 'GQ', 'SZ', 'GA', 'GN', 'KG', 'LA', 'MO', 'MR', 'MN', 'NP', 'RW', 'TG', 'UZ', 'ZW', 'BJ', 'MG', 'MU', 'MZ', 'AO', 'CI', 'DJ', 'ZM', 'CD', 'CG', 'IQ', 'LY', 'TJ', 'VE', 'ET', 'XK'], 'type': 'album', 'album_type': 'album', 'href': 'https://api.spotify.com/v1/albums/4PKdUHGtcJtsjhIaR4fjMk', 'id': '4PKdUHGtcJtsjhIaR4fjMk', 'images': [{'height': 640, 'url': 'https://i.scdn.co/image/ab67616d0000b273ea5c803c889b985833ae8b8e', 'width': 640}, {'height': 300, 'url': 'https://i.scdn.co/image/ab67616d00001e02ea5c803c889b985833ae8b8e', 'width': 300}, {'height': 64, 'url': 'https://i.scdn.co/image/ab67616d00004851ea5c803c889b985833ae8b8e', 'width': 64}], 'name': 'Freewave 3', 'release_date': '2019-02-15', 'release_date_precision': 'day', 'uri': 'spotify:album:4PKdUHGtcJtsjhIaR4fjMk', 'artists': [{'external_urls': {'spotify': 'https://open.spotify.com/artist/5tQMB0cuNXdCtzovGt55uD'}, 'href': 'https://api.spotify.com/v1/artists/5tQMB0cuNXdCtzovGt55uD', 'id': '5tQMB0cuNXdCtzovGt55uD', 'name': 'LUCKI', 'type': 'artist', 'uri': 'spotify:artist:5tQMB0cuNXdCtzovGt55uD'}], 'external_urls': {'spotify': 'https://open.spotify.com/album/4PKdUHGtcJtsjhIaR4fjMk'}, 'total_tracks': 15}","[{'external_urls': {'spotify': 'https://open.spotify.com/artist/3A5tHz1SfngyOZM2gItYKu'}, 'href': 'https://api.spotify.com/v1/artists/3A5tHz1SfngyOZM2gItYKu', 'id': '3A5tHz1SfngyOZM2gItYKu', 'name': 'Earl Sweatshirt', 'type': 'artist', 'uri': 'spotify:artist:3A5tHz1SfngyOZM2gItYKu'}, {'external_urls': {'spotify': 'https://open.spotify.com/artist/5tQMB0cuNXdCtzovGt55uD'}, 'href': 'https://api.spotify.com/v1/artists/5tQMB0cuNXdCtzovGt55uD', 'id': '5tQMB0cuNXdCtzovGt55uD', 'name': 'LUCKI', 'type': 'artist', 'uri': 'spotify:artist:5tQMB0cuNXdCtzovGt55uD'}]",1,13,105743,{'isrc': 'CA5KR1908167'},{'spotify': 'https://open.spotify.com/track/3usWHldhgpQvKVaW5uC9Ke'},https://api.spotify.com/v1/tracks/3usWHldhgpQvKVaW5uC9Ke,3usWHldhgpQvKVaW5uC9Ke,All In,62,spotify:track:3usWHldhgpQvKVaW5uC9Ke,False
,"['AR', 'AU', 'AT', 'BE', 'BO', 'BR', 'BG', 'CA', 'CL', 'CO', 'CR', 'CY', 'CZ', 'DK', 'DO', 'DE', 'EC', 'EE', 'SV', 'FI', 'FR', 'GR', 'GT', 'HN', 'HK', 'HU', 'IS', 'IE', 'IT', 'LV', 'LT', 'LU', 'MY', 'MT', 'MX', 'NL', 'NZ', 'NI', 'NO', 'PA', 'PY', 'PE', 'PH', 'PL', 'PT', 'SG', 'SK', 'ES', 'SE', 'CH', 'TW', 'TR', 'UY', 'US', 'GB', 'AD', 'LI', 'MC', 'ID', 'JP', 'TH', 'VN', 'RO', 'IL', 'ZA', 'SA', 'AE', 'BH', 'QA', 'OM', 'KW', 'EG', 'MA', 'DZ', 'TN', 'LB', 'JO', 'PS', 'IN', 'BY', 'KZ', 'MD', 'UA', 'AL', 'BA', 'HR', 'ME', 'MK', 'RS', 'SI', 'KR', 'BD', 'PK', 'LK', 'GH', 'KE', 'NG', 'TZ', 'UG', 'AG', 'AM', 'BS', 'BB', 'BZ', 'BT', 'BW', 'BF', 'CV', 'CW', 'DM', 'FJ', 'GM', 'GE', 'GD', 'GW', 'GY', 'HT', 'JM', 'KI', 'LS', 'LR', 'MW', 'MV', 'ML', 'MH', 'FM', 'NA', 'NR', 'NE', 'PW', 'PG', 'PR', 'WS', 'SM', 'ST', 'SN', 'SC', 'SL', 'SB', 'KN', 'LC', 'VC', 'SR', 'TL', 'TO', 'TT', 'TV', 'VU', 'AZ', 'BN', 'BI', 'KH', 'CM', 'TD', 'KM', 'GQ', 'SZ', 'GA', 'GN', 'KG', 'LA', 'MO', 'MR', 'MN', 'NP', 'RW', 'TG', 'UZ', 'ZW', 'BJ', 'MG', 'MU', 'MZ', 'AO', 'CI', 'DJ', 'ZM', 'CD', 'CG', 'IQ', 'LY', 'TJ', 'VE', 'ET', 'XK']",False,track,False,True,"{'available_markets': ['AR', 'AU', 'AT', 'BE', 'BO', 'BR', 'BG', 'CA', 'CL', 'CO', 'CR', 'CY', 'CZ', 'DK', 'DO', 'DE', 'EC', 'EE', 'SV', 'FI', 'FR', 'GR', 'GT', 'HN', 'HK', 'HU', 'IS', 'IE', 'IT', 'LV', 'LT', 'LU', 'MY', 'MT', 'MX', 'NL', 'NZ', 'NI', 'NO', 'PA', 'PY', 'PE', 'PH', 'PL', 'PT', 'SG', 'SK', 'ES', 'SE', 'CH', 'TW', 'TR', 'UY', 'US', 'GB', 'AD', 'LI', 'MC', 'ID', 'JP', 'TH', 'VN', 'RO', 'IL', 'ZA', 'SA', 'AE', 'BH', 'QA', 'OM', 'KW', 'EG', 'MA', 'DZ', 'TN', 'LB', 'JO', 'PS', 'IN', 'BY', 'KZ', 'MD', 'UA', 'AL', 'BA', 'HR', 'ME', 'MK', 'RS', 'SI', 'KR', 'BD', 'PK', 'LK', 'GH', 'KE', 'NG', 'TZ', 'UG', 'AG', 'AM', 'BS', 'BB', 'BZ', 'BT', 'BW', 'BF', 'CV', 'CW', 'DM', 'FJ', 'GM', 'GE', 'GD', 'GW', 'GY', 'HT', 'JM', 'KI', 'LS', 'LR', 'MW', 'MV', 'ML', 'MH', 'FM', 'NA', 'NR', 'NE', 'PW', 'PG', 'PR', 'WS', 'SM', 'ST', 'SN', 'SC', 'SL', 'SB', 'KN', 'LC', 'VC', 'SR', 'TL', 'TO', 'TT', 'TV', 'VU', 'AZ', 'BN', 'BI', 'KH', 'CM', 'TD', 'KM', 'GQ', 'SZ', 'GA', 'GN', 'KG', 'LA', 'MO', 'MR', 'MN', 'NP', 'RW', 'TG', 'UZ', 'ZW', 'BJ', 'MG', 'MU', 'MZ', 'AO', 'CI', 'DJ', 'ZM', 'CD', 'CG', 'IQ', 'LY', 'TJ', 'VE', 'ET', 'XK'], 'type': 'album', 'album_type': 'album', 'href': 'https://api.spotify.com/v1/albums/7KIw2xxaskCAhCLKl50suO', 'id': '7KIw2xxaskCAhCLKl50suO', 'images': [{'height': 640, 'url': 'https://i.scdn.co/image/ab67616d0000b2730ea808da9bc3eabc23a4f9d1', 'width': 640}, {'height': 300, 'url': 'https://i.scdn.co/image/ab67616d00001e020ea808da9bc3eabc23a4f9d1', 'width': 300}, {'height': 64, 'url': 'https://i.scdn.co/image/ab67616d000048510ea808da9bc3eabc23a4f9d1', 'width': 64}], 'name': 'Magic 2', 'release_date': '2023-07-21', 'release_date_precision': 'day', 'uri': 'spotify:album:7KIw2xxaskCAhCLKl50suO', 'artists': [{'external_urls': {'spotify': 'https://open.spotify.com/artist/20qISvAhX20dpIbOOzGK3q'}, 'href': 'https://api.spotify.com/v1/artists/20qISvAhX20dpIbOOzGK3q', 'id': '20qISvAhX20dpIbOOzGK3q', 'name': 'Nas', 'type': 'artist', 'uri': 'spotify:artist:20qISvAhX20dpIbOOzGK3q'}], 'external_urls': {'spotify': 'https://open.spotify.com/album/7KIw2xxaskCAhCLKl50suO'}, 'total_tracks': 11}","[{'external_urls': {'spotify': 'https://open.spotify.com/artist/20qISvAhX20dpIbOOzGK3q'}, 'href': 'https://api.spotify.com/v1/artists/20qISvAhX20dpIbOOzGK3q', 'id': '20qISvAhX20dpIbOOzGK3q', 'name': 'Nas', 'type': 'artist', 'uri': 'spotify:artist:20qISvAhX20dpIbOOzGK3q'}, {'external_urls': {'spotify': 'https://open.spotify.com/artist/1URnnhqYAYcrqrcwql10ft'}, 'href': 'https://api.spotify.com/v1/artists/1URnnhqYAYcrqrcwql10ft', 'id': '1URnnhqYAYcrqrcwql10ft', 'name': '21 Savage', 'type': 'artist', 'uri': 'spotify:artist:1URnnhqYAYcrqrcwql10ft'}]",1,11,169330,{'isrc': 'QM4TW2582568'},{'spotify': 'https://open.spotify.com/track/6Un2QxOTpCNmmZWlNEmNAv'},https://api.spotify.com/v1/tracks/6Un2QxOTpCNmmZWlNEmNAv,6Un2QxOTpCNmmZWlNEmNAv,"One Mic, One Gun",12,spotify:track:6Un2QxOTpCNmmZWlNEmNAv,False
,"['AR', 'AU', 'AT', 'BE', 'BO', 'BR', 'BG', 'CA', 'CL', 'CO', 'CR', 'CY', 'CZ', 'DK', 'DO', 'DE', 'EC', 'EE', 'SV', 'FI', 'FR', 'GR', 'GT', 'HN', 'HK', 'HU', 'IS', 'IE', 'IT', 'LV', 'LT', 'LU', 'MY', 'MT', 'MX', 'NL', 'NZ', 'NI', 'NO', 'PA', 'PY', 'PE', 'PH', 'PL', 'PT', 'SG', 'SK', 'ES', 'SE', 'CH', 'TW', 'TR', 'UY', 'US', 'GB', 'AD', 'LI', 'MC', 'ID', 'JP', 'TH', 'VN', 'RO', 'IL', 'ZA', 'SA', 'AE', 'BH', 'QA', 'OM', 'KW', 'EG', 'MA', 'DZ', 'TN', 'LB', 'JO', 'PS', 'IN', 'BY', 'KZ', 'MD', 'UA', 'AL', 'BA', 'HR', 'ME', 'MK', 'RS', 'SI', 'KR', 'BD', 'PK', 'LK', 'GH', 'KE', 'NG', 'TZ', 'UG', 'AG', 'AM', 'BS', 'BB', 'BZ', 'BT', 'BW', 'BF', 'CV', 'CW', 'DM', 'FJ', 'GM', 'GE', 'GD', 'GW', 'GY', 'HT', 'JM', 'KI', 'LS', 'LR', 'MW', 'MV', 'ML', 'MH', 'FM', 'NA', 'NR', 'NE', 'PW', 'PG', 'PR', 'WS', 'SM', 'ST', 'SN', 'SC', 'SL', 'SB', 'KN', 'LC', 'VC', 'SR', 'TL', 'TO', 'TT', 'TV', 'VU', 'AZ', 'BN', 'BI', 'KH', 'CM', 'TD', 'KM', 'GQ', 'SZ', 'GA', 'GN', 'KG', 'LA', 'MO', 'MR', 'MN', 'NP', 'RW', 'TG', 'UZ', 'ZW', 'BJ', 'MG', 'MU', 'MZ', 'AO', 'CI', 'DJ', 'ZM', 'CD', 'CG', 'IQ', 'LY', 'TJ', 'VE', 'ET', 'XK']",True,track,False,True,"{'available_markets': ['AR', 'AU', 'AT', 'BE', 'BO', 'BR', 'BG', 'CA', 'CL', 'CO', 'CR', 'CY', 'CZ', 'DK', 'DO', 'DE', 'EC', 'EE', 'SV', 'FI', 'FR', 'GR', 'GT', 'HN', 'HK', 'HU', 'IS', 'IE', 'IT', 'LV', 'LT', 'LU', 'MY', 'MT', 'MX', 'NL', 'NZ', 'NI', 'NO', 'PA', 'PY', 'PE', 'PH', 'PL', 'PT', 'SG', 'SK', 'ES', 'SE', 'CH', 'TW', 'TR', 'UY', 'US', 'GB', 'AD', 'LI', 'MC', 'ID', 'JP', 'TH', 'VN', 'RO', 'IL', 'ZA', 'SA', 'AE', 'BH', 'QA', 'OM', 'KW', 'EG', 'MA', 'DZ', 'TN', 'LB', 'JO', 'PS', 'IN', 'BY', 'KZ', 'MD', 'UA', 'AL', 'BA', 'HR', 'ME', 'MK', 'RS', 'SI', 'KR', 'BD', 'PK', 'LK', 'GH', 'KE', 'NG', 'TZ', 'UG', 'AG', 'AM', 'BS', 'BB', 'BZ', 'BT', 'BW', 'BF', 'CV', 'CW', 'DM', 'FJ', 'GM', 'GE', 'GD', 'GW', 'GY', 'HT', 'JM', 'KI', 'LS', 'LR', 'MW', 'MV', 'ML', 'MH', 'FM', 'NA', 'NR', 'NE', 'PW', 'PG', 'PR', 'WS', 'SM', 'ST', 'SN', 'SC', 'SL', 'SB', 'KN', 'LC', 'VC', 'SR', 'TL', 'TO', 'TT', 'TV', 'VU', 'AZ', 'BN', 'BI', 'KH', 'CM', 'TD', 'KM', 'GQ', 'SZ', 'GA', 'GN', 'KG', 'LA', 'MO', 'MR', 'MN', 'NP', 'RW', 'TG', 'UZ', 'ZW', 'BJ', 'MG', 'MU', 'MZ', 'AO', 'CI', 'DJ', 'ZM', 'CD', 'CG', 'IQ', 'LY', 'TJ', 'VE', 'ET', 'XK'], 'type': 'album', 'album_type': 'album', 'href': 'https://api.spotify.com/v1/albums/6VTELlx0dtxxuKxAxD7fSy', 'id': '6VTELlx0dtxxuKxAxD7fSy', 'images': [{'height': 640, 'url': 'https://i.scdn.co/image/ab67616d0000b2736fb9c4ed1d704e47404262a7', 'width': 640}, {'height': 300, 'url': 'https://i.scdn.co/image/ab67616d00001e026fb9c4ed1d704e47404262a7', 'width': 300}, {'height': 64, 'url': 'https://i.scdn.co/image/ab67616d000048516fb9c4ed1d704e47404262a7', 'width': 64}], 'name': ""A Dog's Chance"", 'release_date': '2024-06-21', 'release_date_precision': 'day', 'uri': 'spotify:album:6VTELlx0dtxxuKxAxD7fSy', 'artists': [{'external_urls': {'spotify': 'https://open.spotify.com/artist/4f4Ee5QjHnoeSdlxTaK6rx'}, 'href': 'https://api.spotify.com/v1/artists/4f4Ee5QjHnoeSdlxTaK6rx', 'id': '4f4Ee5QjHnoeSdlxTaK6rx', 'name': 'POLO PERKS <3 <3 <3', 'type': 'artist', 'uri': 'spotify:artist:4f4Ee5QjHnoeSdlxTaK6rx'}, {'external_urls': {'spotify': 'https://open.spotify.com/artist/1GTIvySxCJ0Kq2ie1UuTB1'}, 'href': 'https://api.spotify.com/v1/artists/1GTIvySxCJ0Kq2ie1UuTB1', 'id': '1GTIvySxCJ0Kq2ie1UuTB1', 'name': 'AyooLii', 'type': 'artist', 'uri': 'spotify:artist:1GTIvySxCJ0Kq2ie1UuTB1'}, {'external_urls': {'spotify': 'https://open.spotify.com/artist/2VddwtW7ie3dDcW8WKXHdn'}, 'href': 'https://api.spotify.com/v1/artists/2VddwtW7ie3dDcW8WKXHdn', 'id': '2VddwtW7ie3dDcW8WKXHdn', 'name': 'FearDorian', 'type': 'artist', 'uri': 'spotify:artist:2VddwtW7ie3dDcW8WKXHdn'}], 'external_urls': {'spotify': 'https://open.spotify.com/album/6VTELlx0dtxxuKxAxD7fSy'}, 'total_tracks': 16}","[{'external_urls': {'spotify': 'https://open.spotify.com/artist/1GTIvySxCJ0Kq2ie1UuTB1'}, 'href': 'https://api.spotify.com/v1/artists/1GTIvySxCJ0Kq2ie1UuTB1', 'id': '1GTIvySxCJ0Kq2ie1UuTB1', 'name': 'AyooLii', 'type': 'artist', 'uri': 'spotify:artist:1GTIvySxCJ0Kq2ie1UuTB1'}, {'external_urls': {'spotify': 'https://open.spotify.com/artist/2VddwtW7ie3dDcW8WKXHdn'}, 'href': 'https://api.spotify.com/v1/artists/2VddwtW7ie3dDcW8WKXHdn', 'id': '2VddwtW7ie3dDcW8WKXHdn', 'name': 'FearDorian', 'type': 'artist', 'uri': 'spotify:artist:2VddwtW7ie3dDcW8WKXHdn'}]",1,15,67810,{'isrc': 'QZQAY2430951'},{'spotify': 'https://open.spotify.com/track/6OB1A8Q70Gof3w2AQ7ztNq'},https://api.spotify.com/v1/tracks/6OB1A8Q70Gof3w2AQ7ztNq,6OB1A8Q70Gof3w2AQ7ztNq,Alicia Keys,15,spotify:track:6OB1A8Q70Gof3w2AQ7ztNq,False
,"['AR', 'AU', 'AT', 'BE', 'BO', 'BR', 'BG', 'CA', 'CL', 'CO', 'CR', 'CY', 'CZ', 'DK', 'DO', 'DE', 'EC', 'EE', 'SV', 'FI', 'FR', 'GR', 'GT', 'HN', 'HK', 'HU', 'IS', 'IE', 'IT', 'LV', 'LT', 'LU', 'MY', 'MT', 'MX', 'NL', 'NZ', 'NI', 'NO', 'PA', 'PY', 'PE', 'PH', 'PL', 'PT', 'SG', 'SK', 'ES', 'SE', 'CH', 'TW', 'TR', 'UY', 'US', 'GB', 'AD', 'LI', 'MC', 'ID', 'JP', 'TH', 'VN', 'RO', 'IL', 'ZA', 'SA', 'AE', 'BH', 'QA', 'OM', 'KW', 'EG', 'MA', 'DZ', 'TN', 'LB', 'JO', 'PS', 'IN', 'BY', 'KZ', 'MD', 'UA', 'AL', 'BA', 'HR', 'ME', 'MK', 'RS', 'SI', 'KR', 'BD', 'PK', 'LK', 'GH', 'KE', 'NG', 'TZ', 'UG', 'AG', 'AM', 'BS', 'BB', 'BZ', 'BT', 'BW', 'BF', 'CV', 'CW', 'DM', 'FJ', 'GM', 'GE', 'GD', 'GW', 'GY', 'HT', 'JM', 'KI', 'LS', 'LR', 'MW', 'MV', 'ML', 'MH', 'FM', 'NA', 'NR', 'NE', 'PW', 'PG', 'WS', 'SM', 'ST', 'SN', 'SC', 'SL', 'SB', 'KN', 'LC', 'VC', 'SR', 'TL', 'TO', 'TT', 'TV', 'VU', 'AZ', 'BN', 'BI', 'KH', 'CM', 'TD', 'KM', 'GQ', 'SZ', 'GA', 'GN', 'KG', 'LA', 'MO', 'MR', 'MN', 'NP', 'RW', 'TG', 'UZ', 'ZW', 'BJ', 'MG', 'MU', 'MZ', 'AO', 'CI', 'DJ', 'ZM', 'CD', 'CG', 'IQ', 'LY', 'TJ', 'VE', 'ET', 'XK']",True,track,False,True,"{'available_markets': ['AR', 'AU', 'AT', 'BE', 'BO', 'BR', 'BG', 'CA', 'CL', 'CO', 'CR', 'CY', 'CZ', 'DK', 'DO', 'DE', 'EC', 'EE', 'SV', 'FI', 'FR', 'GR', 'GT', 'HN', 'HK', 'HU', 'IS', 'IE', 'IT', 'LV', 'LT', 'LU', 'MY', 'MT', 'MX', 'NL', 'NZ', 'NI', 'NO', 'PA', 'PY', 'PE', 'PH', 'PL', 'PT', 'SG', 'SK', 'ES', 'SE', 'CH', 'TW', 'TR', 'UY', 'US', 'GB', 'AD', 'LI', 'MC', 'ID', 'JP', 'TH', 'VN', 'RO', 'IL', 'ZA', 'SA', 'AE', 'BH', 'QA', 'OM', 'KW', 'EG', 'MA', 'DZ', 'TN', 'LB', 'JO', 'PS', 'IN', 'BY', 'KZ', 'MD', 'UA', 'AL', 'BA', 'HR', 'ME', 'MK', 'RS', 'SI', 'KR', 'BD', 'PK', 'LK', 'GH', 'KE', 'NG', 'TZ', 'UG', 'AG', 'AM', 'BS', 'BB', 'BZ', 'BT', 'BW', 'BF', 'CV', 'CW', 'DM', 'FJ', 'GM', 'GE', 'GD', 'GW', 'GY', 'HT', 'JM', 'KI', 'LS', 'LR', 'MW', 'MV', 'ML', 'MH', 'FM', 'NA', 'NR', 'NE', 'PW', 'PG', 'WS', 'SM', 'ST', 'SN', 'SC', 'SL', 'SB', 'KN', 'LC', 'VC', 'SR', 'TL', 'TO', 'TT', 'TV', 'VU', 'AZ', 'BN', 'BI', 'KH', 'CM', 'TD', 'KM', 'GQ', 'SZ', 'GA', 'GN', 'KG', 'LA', 'MO', 'MR', 'MN', 'NP', 'RW', 'TG', 'UZ', 'ZW', 'BJ', 'MG', 'MU', 'MZ', 'AO', 'CI', 'DJ', 'ZM', 'CD', 'CG', 'IQ', 'LY', 'TJ', 'VE', 'ET', 'XK'], 'type': 'album', 'album_type': 'compilation', 'href': 'https://api.spotify.com/v1/albums/0TMIeuykc2gfMc68YGppoh', 'id': '0TMIeuykc2gfMc68YGppoh', 'images': [{'height': 640, 'url': 'https://i.scdn.co/image/ab67616d0000b273adb5dbf4251255a00146d8eb', 'width': 640}, {'height': 300, 'url': 'https://i.scdn.co/image/ab67616d00001e02adb5dbf4251255a00146d8eb', 'width': 300}, {'height': 64, 'url': 'https://i.scdn.co/image/ab67616d00004851adb5dbf4251255a00146d8eb', 'width': 64}], 'name': 'Full Clip: A Decade Of Gang Starr', 'release_date': '1999-07-13', 'release_date_precision': 'day', 'uri': 'spotify:album:0TMIeuykc2gfMc68YGppoh', 'artists': [{'external_urls': {'spotify': 'https://open.spotify.com/artist/5cMgGlA1xGyeAB2ctYlRdZ'}, 'href': 'https://api.spotify.com/v1/artists/5cMgGlA1xGyeAB2ctYlRdZ', 'id': '5cMgGlA1xGyeAB2ctYlRdZ', 'name': 'Gang Starr', 'type': 'artist', 'uri': 'spotify:artist:5cMgGlA1xGyeAB2ctYlRdZ'}], 'external_urls': {'spotify': 'https://open.spotify.com/album/0TMIeuykc2gfMc68YGppoh'}, 'total_tracks': 33}","[{'external_urls': {'spotify': 'https://open.spotify.com/artist/5cMgGlA1xGyeAB2ctYlRdZ'}, 'href': 'https://api.spotify.com/v1/artists/5cMgGlA1xGyeAB2ctYlRdZ', 'id': '5cMgGlA1xGyeAB2ctYlRdZ', 'name': 'Gang Starr', 'type': 'artist', 'uri': 'spotify:artist:5cMgGlA1xGyeAB2ctYlRdZ'}]",1,2,217440,{'isrc': 'USVI29900068'},{'spotify': 'https://open.spotify.com/track/30oTS7bm0aH3p7lqjEIu8q'},https://api.spotify.com/v1/tracks/30oTS7bm0aH3p7lqjEIu8q,30oTS7bm0aH3p7lqjEIu8q,Full Clip,69,spotify:track:30oTS7bm0aH3p7lqjEIu8q,False
,"['AR', 'AU', 'AT', 'BE', 'BO', 'BR', 'BG', 'CA', 'CL', 'CO', 'CR', 'CY', 'CZ', 'DK', 'DO', 'DE', 'EC', 'EE', 'SV', 'FI', 'FR', 'GR', 'GT', 'HN', 'HK', 'HU', 'IS', 'IE', 'IT', 'LV', 'LT', 'LU', 'MY', 'MT', 'MX', 'NL', 'NZ', 'NI', 'NO', 'PA', 'PY', 'PE', 'PH', 'PL', 'PT', 'SG', 'SK', 'ES', 'SE', 'CH', 'TW', 'TR', 'UY', 'US', 'GB', 'AD', 'LI', 'MC', 'ID', 'JP', 'TH', 'VN', 'RO', 'IL', 'ZA', 'SA', 'AE', 'BH', 'QA', 'OM', 'KW', 'EG', 'MA', 'DZ', 'TN', 'LB', 'JO', 'PS', 'IN', 'BY', 'KZ', 'MD', 'UA', 'AL', 'BA', 'HR', 'ME', 'MK', 'RS', 'SI', 'KR', 'BD', 'PK', 'LK', 'GH', 'KE', 'NG', 'TZ', 'UG', 'AG', 'AM', 'BS', 'BB', 'BZ', 'BT', 'BW', 'BF', 'CV', 'CW', 'DM', 'FJ', 'GM', 'GE', 'GD', 'GW', 'GY', 'HT', 'JM', 'KI', 'LS', 'LR', 'MW', 'MV', 'ML', 'MH', 'FM', 'NA', 'NR', 'NE', 'PW', 'PG', 'PR', 'WS', 'SM', 'ST', 'SN', 'SC', 'SL', 'SB', 'KN', 'LC', 'VC', 'SR', 'TL', 'TO', 'TT', 'TV', 'VU', 'AZ', 'BN', 'BI', 'KH', 'CM', 'TD', 'KM', 'GQ', 'SZ', 'GA', 'GN', 'KG', 'LA', 'MO', 'MR', 'MN', 'NP', 'RW', 'TG', 'UZ', 'ZW', 'BJ', 'MG', 'MU', 'MZ', 'AO', 'CI', 'DJ', 'ZM', 'CD', 'CG', 'IQ', 'LY', 'TJ', 'VE', 'ET', 'XK']",False,track,False,True,"{'available_markets': ['AR', 'AU', 'AT', 'BE', 'BO', 'BR', 'BG', 'CA', 'CL', 'CO', 'CR', 'CY', 'CZ', 'DK', 'DO', 'DE', 'EC', 'EE', 'SV', 'FI', 'FR', 'GR', 'GT', 'HN', 'HK', 'HU', 'IS', 'IE', 'IT', 'LV', 'LT', 'LU', 'MY', 'MT', 'MX', 'NL', 'NZ', 'NI', 'NO', 'PA', 'PY', 'PE', 'PH', 'PL', 'PT', 'SG', 'SK', 'ES', 'SE', 'CH', 'TW', 'TR', 'UY', 'US', 'GB', 'AD', 'LI', 'MC', 'ID', 'JP', 'TH', 'VN', 'RO', 'IL', 'ZA', 'SA', 'AE', 'BH', 'QA', 'OM', 'KW', 'EG', 'MA', 'DZ', 'TN', 'LB', 'JO', 'PS', 'IN', 'BY', 'KZ', 'MD', 'UA', 'AL', 'BA', 'HR', 'ME', 'MK', 'RS', 'SI', 'KR', 'BD', 'PK', 'LK', 'GH', 'KE', 'NG', 'TZ', 'UG', 'AG', 'AM', 'BS', 'BB', 'BZ', 'BT', 'BW', 'BF', 'CV', 'CW', 'DM', 'FJ', 'GM', 'GE', 'GD', 'GW', 'GY', 'HT', 'JM', 'KI', 'LS', 'LR', 'MW', 'MV', 'ML', 'MH', 'FM', 'NA', 'NR', 'NE', 'PW', 'PG', 'PR', 'WS', 'SM', 'ST', 'SN', 'SC', 'SL', 'SB', 'KN', 'LC', 'VC', 'SR', 'TL', 'TO', 'TT', 'TV', 'VU', 'AZ', 'BN', 'BI', 'KH', 'CM', 'TD', 'KM', 'GQ', 'SZ', 'GA', 'GN', 'KG', 'LA', 'MO', 'MR', 'MN', 'NP', 'RW', 'TG', 'UZ', 'ZW', 'BJ', 'MG', 'MU', 'MZ', 'AO', 'CI', 'DJ', 'ZM', 'CD', 'CG', 'IQ', 'LY', 'TJ', 'VE', 'ET', 'XK'], 'type': 'album', 'album_type': 'single', 'href': 'https://api.spotify.com/v1/albums/59FcOmk7WRkJCRrv4gQJ5e', 'id': '59FcOmk7WRkJCRrv4gQJ5e', 'images': [{'height': 640, 'url': 'https://i.scdn.co/image/ab67616d0000b2732aea1b9e6aeeebeb00979d74', 'width': 640}, {'height': 300, 'url': 'https://i.scdn.co/image/ab67616d00001e022aea1b9e6aeeebeb00979d74', 'width': 300}, {'height': 64, 'url': 'https://i.scdn.co/image/ab67616d000048512aea1b9e6aeeebeb00979d74', 'width': 64}], 'name': 'Brilliant Mind', 'release_date': '2023-07-20', 'release_date_precision': 'day', 'uri': 'spotify:album:59FcOmk7WRkJCRrv4gQJ5e', 'artists': [{'external_urls': {'spotify': 'https://open.spotify.com/artist/5FxsPS1K61fHEVB3FNZw6Y'}, 'href': 'https://api.spotify.com/v1/artists/5FxsPS1K61fHEVB3FNZw6Y', 'id': '5FxsPS1K61fHEVB3FNZw6Y', 'name': 'Blanco', 'type': 'artist', 'uri': 'spotify:artist:5FxsPS1K61fHEVB3FNZw6Y'}], 'external_urls': {'spotify': 'https://open.spotify.com/album/59FcOmk7WRkJCRrv4gQJ5e'}, 'total_tracks': 4}","[{'external_urls': {'spotify': 'https://open.spotify.com/artist/5FxsPS1K61fHEVB3FNZw6Y'}, 'href': 'https://api.spotify.com/v1/artists/5FxsPS1K61fHEVB3FNZw6Y', 'id': '5FxsPS1K61fHEVB3FNZw6Y', 'name': 'Blanco', 'type': 'artist', 'uri': 'spotify:artist:5FxsPS1K61fHEVB3FNZw6Y'}]",1,1,137142,{'isrc': 'GB45A2300123'},{'spotify': 'https://open.spotify.com/track/2maR0wuP92sNy48SMVowzZ'},https://api.spotify.com/v1/tracks/2maR0wuP92sNy48SMVowzZ,2maR0wuP92sNy48SMVowzZ,Brilliant Mind,53,spotify:track:2maR0wuP92sNy48SMVowzZ,False
,"['AR', 'AU', 'AT', 'BE', 'BO', 'BR', 'BG', 'CA', 'CL', 'CO', 'CR', 'CY', 'CZ', 'DK', 'DO', 'DE', 'EC', 'EE', 'SV', 'FI', 'FR', 'GR', 'GT', 'HN', 'HK', 'HU', 'IS', 'IE', 'IT', 'LV', 'LT', 'LU', 'MY', 'MT', 'MX', 'NL', 'NZ', 'NI', 'NO', 'PA', 'PY', 'PE', 'PH', 'PL', 'PT', 'SG', 'SK', 'ES', 'SE', 'CH', 'TW', 'TR', 'UY', 'US', 'GB', 'AD', 'LI', 'MC', 'ID', 'JP', 'TH', 'VN', 'RO', 'IL', 'ZA', 'SA', 'AE', 'BH', 'QA', 'OM', 'KW', 'EG', 'MA', 'DZ', 'TN', 'LB', 'JO', 'PS', 'IN', 'BY', 'KZ', 'MD', 'UA', 'AL', 'BA', 'HR', 'ME', 'MK', 'RS', 'SI', 'KR', 'BD', 'PK', 'LK', 'GH', 'KE', 'NG', 'TZ', 'UG', 'AG', 'AM', 'BS', 'BB', 'BZ', 'BT', 'BW', 'BF', 'CV', 'CW', 'DM', 'FJ', 'GM', 'GE', 'GD', 'GW', 'GY', 'HT', 'JM', 'KI', 'LS', 'LR', 'MW', 'MV', 'ML', 'MH', 'FM', 'NA', 'NR', 'NE', 'PW', 'PG', 'PR', 'WS', 'SM', 'ST', 'SN', 'SC', 'SL', 'SB', 'KN', 'LC', 'VC', 'SR', 'TL', 'TO', 'TT', 'TV', 'VU', 'AZ', 'BN', 'BI', 'KH', 'CM', 'TD', 'KM', 'GQ', 'SZ', 'GA', 'GN', 'KG', 'LA', 'MO', 'MR', 'MN', 'NP', 'RW', 'TG', 'UZ', 'ZW', 'BJ', 'MG', 'MU', 'MZ', 'AO', 'CI', 'DJ', 'ZM', 'CD', 'CG', 'IQ', 'LY', 'TJ', 'VE', 'ET', 'XK']",True,track,False,True,"{'available_markets': ['AR', 'AU', 'AT', 'BE', 'BO', 'BR', 'BG', 'CA', 'CL', 'CO', 'CR', 'CY', 'CZ', 'DK', 'DO', 'DE', 'EC', 'EE', 'SV', 'FI', 'FR', 'GR', 'GT', 'HN', 'HK', 'HU', 'IS', 'IE', 'IT', 'LV', 'LT', 'LU', 'MY', 'MT', 'MX', 'NL', 'NZ', 'NI', 'NO', 'PA', 'PY', 'PE', 'PH', 'PL', 'PT', 'SG', 'SK', 'ES', 'SE', 'CH', 'TW', 'TR', 'UY', 'US', 'GB', 'AD', 'LI', 'MC', 'ID', 'JP', 'TH', 'VN', 'RO', 'IL', 'ZA', 'SA', 'AE', 'BH', 'QA', 'OM', 'KW', 'EG', 'MA', 'DZ', 'TN', 'LB', 'JO', 'PS', 'IN', 'BY', 'KZ', 'MD', 'UA', 'AL', 'BA', 'HR', 'ME', 'MK', 'RS', 'SI', 'KR', 'BD', 'PK', 'LK', 'GH', 'KE', 'NG', 'TZ', 'UG', 'AG', 'AM', 'BS', 'BB', 'BZ', 'BT', 'BW', 'BF', 'CV', 'CW', 'DM', 'FJ', 'GM', 'GE', 'GD', 'GW', 'GY', 'HT', 'JM', 'KI', 'LS', 'LR', 'MW', 'MV', 'ML', 'MH', 'FM', 'NA', 'NR', 'NE', 'PW', 'PG', 'PR', 'WS', 'SM', 'ST', 'SN', 'SC', 'SL', 'SB', 'KN', 'LC', 'VC', 'SR', 'TL', 'TO', 'TT', 'TV', 'VU', 'AZ', 'BN', 'BI', 'KH', 'CM', 'TD', 'KM', 'GQ', 'SZ', 'GA', 'GN', 'KG', 'LA', 'MO', 'MR', 'MN', 'NP', 'RW', 'TG', 'UZ', 'ZW', 'BJ', 'MG', 'MU', 'MZ', 'AO', 'CI', 'DJ', 'ZM', 'CD', 'CG', 'IQ', 'LY', 'TJ', 'VE', 'ET', 'XK'], 'type': 'album', 'album_type': 'album', 'href': 'https://api.spotify.com/v1/albums/7F69qczUiFWpa1zji2dODy', 'id': '7F69qczUiFWpa1zji2dODy', 'images': [{'height': 640, 'url': 'https://i.scdn.co/image/ab67616d0000b273141982b9a510e1dd249a4bac', 'width': 640}, {'height': 300, 'url': 'https://i.scdn.co/image/ab67616d00001e02141982b9a510e1dd249a4bac', 'width': 300}, {'height': 64, 'url': 'https://i.scdn.co/image/ab67616d00004851141982b9a510e1dd249a4bac', 'width': 64}], 'name': 'MUSEUM', 'release_date': '2022-07-22', 'release_date_precision': 'day', 'uri': 'spotify:album:7F69qczUiFWpa1zji2dODy', 'artists': [{'external_urls': {'spotify': 'https://open.spotify.com/artist/4okQpk1QkE8PGtiwyakP4h'}, 'href': 'https://api.spotify.com/v1/artists/4okQpk1QkE8PGtiwyakP4h', 'id': '4okQpk1QkE8PGtiwyakP4h', 'name': 'Lord Sko', 'type': 'artist', 'uri': 'spotify:artist:4okQpk1QkE8PGtiwyakP4h'}], 'external_urls': {'spotify': 'https://open.spotify.com/album/7F69qczUiFWpa1zji2dODy'}, 'total_tracks': 15}","[{'external_urls': {'spotify': 'https://open.spotify.com/artist/4okQpk1QkE8PGtiwyakP4h'}, 'href': 'https://api.spotify.com/v1/artists/4okQpk1QkE8PGtiwyakP4h', 'id': '4okQpk1QkE8PGtiwyakP4h', 'name': 'Lord Sko', 'type': 'artist', 'uri': 'spotify:artist:4okQpk1QkE8PGtiwyakP4h'}, {'external_urls': {'spotify': 'https://open.spotify.com/artist/4WnuNzfCtuzX289asDiwjx'}, 'href': 'https://api.spotify.com/v1/artists/4WnuNzfCtuzX289asDiwjx', 'id': '4WnuNzfCtuzX289asDiwjx', 'name': 'Dustrial Dre', 'type': 'artist', 'uri': 'spotify:artist:4WnuNzfCtuzX289asDiwjx'}]",1,6,148688,{'isrc': 'QZK6F2286019'},{'spotify': 'https://open.spotify.com/track/24JYQi5SKNXlDy5EUx27wl'},https://api.spotify.com/v1/tracks/24JYQi5SKNXlDy5EUx27wl,24JYQi5SKNXlDy5EUx27wl,Hardy Boyz,13,spotify:track:24JYQi5SKNXlDy5EUx27wl,False
,"['AR', 'BO', 'BR', 'BG', 'CA', 'CL', 'CO', 'CR', 'CY', 'CZ', 'DO', 'EC', 'EE', 'SV', 'FI', 'FR', 'GR', 'GT', 'HN', 'HK', 'HU', 'IS', 'IT', 'LV', 'LT', 'LU', 'MY', 'MT', 'MX', 'NL', 'NZ', 'NI', 'PA', 'PY', 'PE', 'PH', 'PT', 'SG', 'SK', 'ES', 'TW', 'TR', 'UY', 'US', 'GB', 'AD', 'LI', 'MC', 'ID', 'JP', 'TH', 'VN', 'RO', 'IL', 'ZA', 'SA', 'AE', 'BH', 'QA', 'OM', 'KW', 'EG', 'MA', 'DZ', 'TN', 'LB', 'JO', 'PS', 'IN', 'BY', 'KZ', 'MD', 'UA', 'AL', 'BA', 'HR', 'ME', 'MK', 'RS', 'SI', 'KR', 'BD', 'PK', 'LK', 'GH', 'KE', 'NG', 'TZ', 'UG', 'AG', 'AM', 'BS', 'BB', 'BZ', 'BT', 'BW', 'BF', 'CV', 'CW', 'DM', 'FJ', 'GM', 'GE', 'GD', 'GW', 'GY', 'HT', 'JM', 'KI', 'LS', 'LR', 'MW', 'MV', 'ML', 'MH', 'FM', 'NA', 'NR', 'NE', 'PW', 'PG', 'WS', 'SM', 'ST', 'SN', 'SC', 'SL', 'SB', 'KN', 'LC', 'VC', 'SR', 'TL', 'TO', 'TT', 'TV', 'VU', 'AZ', 'BN', 'BI', 'KH', 'CM', 'TD', 'KM', 'GQ', 'SZ', 'GA', 'GN', 'KG', 'LA', 'MO', 'MR', 'MN', 'NP', 'RW', 'TG', 'UZ', 'ZW', 'BJ', 'MG', 'MU', 'MZ', 'AO', 'CI', 'DJ', 'ZM', 'CD', 'CG', 'IQ', 'LY', 'TJ', 'VE', 'ET', 'XK']",True,track,False,True,"{'available_markets': ['AR', 'AU', 'AT', 'BE', 'BO', 'BR', 'BG', 'CA', 'CL', 'CO', 'CR', 'CY', 'CZ', 'DK', 'DO', 'DE', 'EC', 'EE', 'SV', 'FI', 'FR', 'GR', 'GT', 'HN', 'HK', 'HU', 'IS', 'IE', 'IT', 'LV', 'LT', 'LU', 'MY', 'MT', 'MX', 'NL', 'NZ', 'NI', 'NO', 'PA', 'PY', 'PE', 'PH', 'PL', 'PT', 'SG', 'SK', 'ES', 'SE', 'CH', 'TW', 'TR', 'UY', 'US', 'GB', 'AD', 'LI', 'MC', 'ID', 'JP', 'TH', 'VN', 'RO', 'IL', 'ZA', 'SA', 'AE', 'BH', 'QA', 'OM', 'KW', 'EG', 'MA', 'DZ', 'TN', 'LB', 'JO', 'PS', 'IN', 'BY', 'KZ', 'MD', 'UA', 'AL', 'BA', 'HR', 'ME', 'MK', 'RS', 'SI', 'KR', 'BD', 'PK', 'LK', 'GH', 'KE', 'NG', 'TZ', 'UG', 'AG', 'AM', 'BS', 'BB', 'BZ', 'BT', 'BW', 'BF', 'CV', 'CW', 'DM', 'FJ', 'GM', 'GE', 'GD', 'GW', 'GY', 'HT', 'JM', 'KI', 'LS', 'LR', 'MW', 'MV', 'ML', 'MH', 'FM', 'NA', 'NR', 'NE', 'PW', 'PG', 'WS', 'SM', 'ST', 'SN', 'SC', 'SL', 'SB', 'KN', 'LC', 'VC', 'SR', 'TL', 'TO', 'TT', 'TV', 'VU', 'AZ', 'BN', 'BI', 'KH', 'CM', 'TD', 'KM', 'GQ', 'SZ', 'GA', 'GN', 'KG', 'LA', 'MO', 'MR', 'MN', 'NP', 'RW', 'TG', 'UZ', 'ZW', 'BJ', 'MG', 'MU', 'MZ', 'AO', 'CI', 'DJ', 'ZM', 'CD', 'CG', 'IQ', 'LY', 'TJ', 'VE', 'ET', 'XK'], 'type': 'album', 'album_type': 'album', 'href': 'https://api.spotify.com/v1/albums/7F9hfZKh6WLOKME4LwCPZI', 'id': '7F9hfZKh6WLOKME4LwCPZI', 'images': [{'height': 640, 'url': 'https://i.scdn.co/image/ab67616d0000b2738cdb0d29bb99ad4febccac39', 'width': 640}, {'height': 300, 'url': 'https://i.scdn.co/image/ab67616d00001e028cdb0d29bb99ad4febccac39', 'width': 300}, {'height': 64, 'url': 'https://i.scdn.co/image/ab67616d000048518cdb0d29bb99ad4febccac39', 'width': 64}], 'name': 'Paid Tha Cost To Be Da Bo$$', 'release_date': '2002-01-01', 'release_date_precision': 'day', 'uri': 'spotify:album:7F9hfZKh6WLOKME4LwCPZI', 'artists': [{'external_urls': {'spotify': 'https://open.spotify.com/artist/7hJcb9fa4alzcOq3EaNPoG'}, 'href': 'https://api.spotify.com/v1/artists/7hJcb9fa4alzcOq3EaNPoG', 'id': '7hJcb9fa4alzcOq3EaNPoG', 'name': 'Snoop Dogg', 'type': 'artist', 'uri': 'spotify:artist:7hJcb9fa4alzcOq3EaNPoG'}], 'external_urls': {'spotify': 'https://open.spotify.com/album/7F9hfZKh6WLOKME4LwCPZI'}, 'total_tracks': 20}","[{'external_urls': {'spotify': 'https://open.spotify.com/artist/7hJcb9fa4alzcOq3EaNPoG'}, 'href': 'https://api.spotify.com/v1/artists/7hJcb9fa4alzcOq3EaNPoG', 'id': '7hJcb9fa4alzcOq3EaNPoG', 'name': 'Snoop Dogg', 'type': 'artist', 'uri': 'spotify:artist:7hJcb9fa4alzcOq3EaNPoG'}, {'external_urls': {'spotify': 'https://open.spotify.com/artist/2RdwBSPQiwcmiDo9kixcl8'}, 'href': 'https://api.spotify.com/v1/artists/2RdwBSPQiwcmiDo9kixcl8', 'id': '2RdwBSPQiwcmiDo9kixcl8', 'name': 'Pharrell Williams', 'type': 'artist', 'uri': 'spotify:artist:2RdwBSPQiwcmiDo9kixcl8'}, {'external_urls': {'spotify': 'https://open.spotify.com/artist/6CxZzQFUTM6AzgluGwtq5w'}, 'href': 'https://api.spotify.com/v1/artists/6CxZzQFUTM6AzgluGwtq5w', 'id': '6CxZzQFUTM6AzgluGwtq5w', 'name': 'Charlie Wilson', 'type': 'artist', 'uri': 'spotify:artist:6CxZzQFUTM6AzgluGwtq5w'}]",1,8,298306,{'isrc': 'USPO10200092'},{'spotify': 'https://open.spotify.com/track/7FrJV8tydWEv1Mxu2mIQrm'},https://api.spotify.com/v1/tracks/7FrJV8tydWEv1Mxu2mIQrm,7FrJV8tydWEv1Mxu2mIQrm,Beautiful,75,spotify:track:7FrJV8tydWEv1Mxu2mIQrm,False
,"['AR', 'AU', 'AT', 'BE', 'BO', 'BR', 'BG', 'CA', 'CL', 'CO', 'CR', 'CY', 'CZ', 'DK', 'DO', 'DE', 'EC', 'EE', 'SV', 'FI', 'FR', 'GR', 'GT', 'HN', 'HK', 'HU', 'IS', 'IE', 'IT', 'LV', 'LT', 'LU', 'MY', 'MT', 'MX', 'NL', 'NZ', 'NI', 'NO', 'PA', 'PY', 'PE', 'PH', 'PL', 'PT', 'SG', 'SK', 'ES', 'SE', 'CH', 'TW', 'TR', 'UY', 'US', 'GB', 'AD', 'LI', 'MC', 'ID', 'JP', 'TH', 'VN', 'RO', 'IL', 'ZA', 'SA', 'AE', 'BH', 'QA', 'OM', 'KW', 'EG', 'MA', 'DZ', 'TN', 'LB', 'JO', 'PS', 'IN', 'BY', 'KZ', 'MD', 'UA', 'AL', 'BA', 'HR', 'ME', 'MK', 'RS', 'SI', 'KR', 'BD', 'PK', 'LK', 'GH', 'KE', 'NG', 'TZ', 'UG', 'AG', 'AM', 'BS', 'BB', 'BZ', 'BT', 'BW', 'BF', 'CV', 'CW', 'DM', 'FJ', 'GM', 'GE', 'GD', 'GW', 'GY', 'HT', 'JM', 'KI', 'LS', 'LR', 'MW', 'MV', 'ML', 'MH', 'FM', 'NA', 'NR', 'NE', 'PW', 'PG', 'PR', 'WS', 'SM', 'ST', 'SN', 'SC', 'SL', 'SB', 'KN', 'LC', 'VC', 'SR', 'TL', 'TO', 'TT', 'TV', 'VU', 'AZ', 'BN', 'BI', 'KH', 'CM', 'TD', 'KM', 'GQ', 'SZ', 'GA', 'GN', 'KG', 'LA', 'MO', 'MR', 'MN', 'NP', 'RW', 'TG', 'UZ', 'ZW', 'BJ', 'MG', 'MU', 'MZ', 'AO', 'CI', 'DJ', 'ZM', 'CD', 'CG', 'IQ', 'LY', 'TJ', 'VE', 'ET', 'XK']",True,track,False,True,"{'available_markets': ['AR', 'AU', 'AT', 'BE', 'BO', 'BR', 'BG', 'CA', 'CL', 'CO', 'CR', 'CY', 'CZ', 'DK', 'DO', 'DE', 'EC', 'EE', 'SV', 'FI', 'FR', 'GR', 'GT', 'HN', 'HK', 'HU', 'IS', 'IE', 'IT', 'LV', 'LT', 'LU', 'MY', 'MT', 'MX', 'NL', 'NZ', 'NI', 'NO', 'PA', 'PY', 'PE', 'PH', 'PL', 'PT', 'SG', 'SK', 'ES', 'SE', 'CH', 'TW', 'TR', 'UY', 'US', 'GB', 'AD', 'LI', 'MC', 'ID', 'JP', 'TH', 'VN', 'RO', 'IL', 'ZA', 'SA', 'AE', 'BH', 'QA', 'OM', 'KW', 'EG', 'MA', 'DZ', 'TN', 'LB', 'JO', 'PS', 'IN', 'BY', 'KZ', 'MD', 'UA', 'AL', 'BA', 'HR', 'ME', 'MK', 'RS', 'SI', 'KR', 'BD', 'PK', 'LK', 'GH', 'KE', 'NG', 'TZ', 'UG', 'AG', 'AM', 'BS', 'BB', 'BZ', 'BT', 'BW', 'BF', 'CV', 'CW', 'DM', 'FJ', 'GM', 'GE', 'GD', 'GW', 'GY', 'HT', 'JM', 'KI', 'LS', 'LR', 'MW', 'MV', 'ML', 'MH', 'FM', 'NA', 'NR', 'NE', 'PW', 'PG', 'PR', 'WS', 'SM', 'ST', 'SN', 'SC', 'SL', 'SB', 'KN', 'LC', 'VC', 'SR', 'TL', 'TO', 'TT', 'TV', 'VU', 'AZ', 'BN', 'BI', 'KH', 'CM', 'TD', 'KM', 'GQ', 'SZ', 'GA', 'GN', 'KG', 'LA', 'MO', 'MR', 'MN', 'NP', 'RW', 'TG', 'UZ', 'ZW', 'BJ', 'MG', 'MU', 'MZ', 'AO', 'CI', 'DJ', 'ZM', 'CD', 'CG', 'IQ', 'LY', 'TJ', 'VE', 'ET', 'XK'], 'type': 'album', 'album_type': 'album', 'href': 'https://api.spotify.com/v1/albums/5vRfIDOPJHy3W2wHWbzLlE', 'id': '5vRfIDOPJHy3W2wHWbzLlE', 'images': [{'height': 640, 'url': 'https://i.scdn.co/image/ab67616d0000b27346f9bf1154c7205b0e8b1667', 'width': 640}, {'height': 300, 'url': 'https://i.scdn.co/image/ab67616d00001e0246f9bf1154c7205b0e8b1667', 'width': 300}, {'height': 64, 'url': 'https://i.scdn.co/image/ab67616d0000485146f9bf1154c7205b0e8b1667', 'width': 64}], 'name': 'Doris', 'release_date': '2013-08-16', 'release_date_precision': 'day', 'uri': 'spotify:album:5vRfIDOPJHy3W2wHWbzLlE', 'artists': [{'external_urls': {'spotify': 'https://open.spotify.com/artist/3A5tHz1SfngyOZM2gItYKu'}, 'href': 'https://api.spotify.com/v1/artists/3A5tHz1SfngyOZM2gItYKu', 'id': '3A5tHz1SfngyOZM2gItYKu', 'name': 'Earl Sweatshirt', 'type': 'artist', 'uri': 'spotify:artist:3A5tHz1SfngyOZM2gItYKu'}], 'external_urls': {'spotify': 'https://open.spotify.com/album/5vRfIDOPJHy3W2wHWbzLlE'}, 'total_tracks': 15}","[{'external_urls': {'spotify': 'https://open.spotify.com/artist/3A5tHz1SfngyOZM2gItYKu'}, 'href': 'https://api.spotify.com/v1/artists/3A5tHz1SfngyOZM2gItYKu', 'id': '3A5tHz1SfngyOZM2gItYKu', 'name': 'Earl Sweatshirt', 'type': 'artist', 'uri': 'spotify:artist:3A5tHz1SfngyOZM2gItYKu'}, {'external_urls': {'spotify': 'https://open.spotify.com/artist/4iCwCMnqsNZ6atvRiADgtn'}, 'href': 'https://api.spotify.com/v1/artists/4iCwCMnqsNZ6atvRiADgtn', 'id': '4iCwCMnqsNZ6atvRiADgtn', 'name': 'RZA', 'type': 'artist', 'uri': 'spotify:artist:4iCwCMnqsNZ6atvRiADgtn'}]",1,12,136440,{'isrc': 'USQX91301331'},{'spotify': 'https://open.spotify.com/track/7lhkOb0VNnTlshwifCEoSr'},https://api.spotify.com/v1/tracks/7lhkOb0VNnTlshwifCEoSr,7lhkOb0VNnTlshwifCEoSr,Molasses (feat. RZA),60,spotify:track:7lhkOb0VNnTlshwifCEoSr,False
,"['AR', 'AU', 'AT', 'BE', 'BO', 'BR', 'BG', 'CA', 'CL', 'CO', 'CR', 'CY', 'CZ', 'DK', 'DO', 'DE', 'EC', 'EE', 'SV', 'FI', 'FR', 'GR', 'GT', 'HN', 'HK', 'HU', 'IS', 'IE', 'IT', 'LV', 'LT', 'LU', 'MY', 'MT', 'MX', 'NL', 'NZ', 'NI', 'NO', 'PA', 'PY', 'PE', 'PH', 'PL', 'PT', 'SG', 'SK', 'ES', 'SE', 'CH', 'TW', 'TR', 'UY', 'US', 'GB', 'AD', 'LI', 'MC', 'ID', 'JP', 'TH', 'VN', 'RO', 'IL', 'ZA', 'SA', 'AE', 'BH', 'QA', 'OM', 'KW', 'EG', 'MA', 'DZ', 'TN', 'LB', 'JO', 'PS', 'IN', 'BY', 'KZ', 'MD', 'UA', 'AL', 'BA', 'HR', 'ME', 'MK', 'RS', 'SI', 'KR', 'BD', 'PK', 'LK', 'GH', 'KE', 'NG', 'TZ', 'UG', 'AG', 'AM', 'BS', 'BB', 'BZ', 'BT', 'BW', 'BF', 'CV', 'CW', 'DM', 'FJ', 'GM', 'GE', 'GD', 'GW', 'GY', 'HT', 'JM', 'KI', 'LS', 'LR', 'MW', 'MV', 'ML', 'MH', 'FM', 'NA', 'NR', 'NE', 'PW', 'PG', 'PR', 'WS', 'SM', 'ST', 'SN', 'SC', 'SL', 'SB', 'KN', 'LC', 'VC', 'SR', 'TL', 'TO', 'TT', 'TV', 'VU', 'AZ', 'BN', 'BI', 'KH', 'CM', 'TD', 'KM', 'GQ', 'SZ', 'GA', 'GN', 'KG', 'LA', 'MO', 'MR', 'MN', 'NP', 'RW', 'TG', 'UZ', 'ZW', 'BJ', 'MG', 'MU', 'MZ', 'AO', 'CI', 'DJ', 'ZM', 'CD', 'CG', 'IQ', 'LY', 'TJ', 'VE', 'ET', 'XK']",True,track,False,True,"{'available_markets': ['AR', 'AU', 'AT', 'BE', 'BO', 'BR', 'BG', 'CA', 'CL', 'CO', 'CR', 'CY', 'CZ', 'DK', 'DO', 'DE', 'EC', 'EE', 'SV', 'FI', 'FR', 'GR', 'GT', 'HN', 'HK', 'HU', 'IS', 'IE', 'IT', 'LV', 'LT', 'LU', 'MY', 'MT', 'MX', 'NL', 'NZ', 'NI', 'NO', 'PA', 'PY', 'PE', 'PH', 'PL', 'PT', 'SG', 'SK', 'ES', 'SE', 'CH', 'TW', 'TR', 'UY', 'US', 'GB', 'AD', 'LI', 'MC', 'ID', 'JP', 'TH', 'VN', 'RO', 'IL', 'ZA', 'SA', 'AE', 'BH', 'QA', 'OM', 'KW', 'EG', 'MA', 'DZ', 'TN', 'LB', 'JO', 'PS', 'IN', 'BY', 'KZ', 'MD', 'UA', 'AL', 'BA', 'HR', 'ME', 'MK', 'RS', 'SI', 'KR', 'BD', 'PK', 'LK', 'GH', 'KE', 'NG', 'TZ', 'UG', 'AG', 'AM', 'BS', 'BB', 'BZ', 'BT', 'BW', 'BF', 'CV', 'CW', 'DM', 'FJ', 'GM', 'GE', 'GD', 'GW', 'GY', 'HT', 'JM', 'KI', 'LS', 'LR', 'MW', 'MV', 'ML', 'MH', 'FM', 'NA', 'NR', 'NE', 'PW', 'PG', 'PR', 'WS', 'SM', 'ST', 'SN', 'SC', 'SL', 'SB', 'KN', 'LC', 'VC', 'SR', 'TL', 'TO', 'TT', 'TV', 'VU', 'AZ', 'BN', 'BI', 'KH', 'CM', 'TD', 'KM', 'GQ', 'SZ', 'GA', 'GN', 'KG', 'LA', 'MO', 'MR', 'MN', 'NP', 'RW', 'TG', 'UZ', 'ZW', 'BJ', 'MG', 'MU', 'MZ', 'AO', 'CI', 'DJ', 'ZM', 'CD', 'CG', 'IQ', 'LY', 'TJ', 'VE', 'ET', 'XK'], 'type': 'album', 'album_type': 'album', 'href': 'https://api.spotify.com/v1/albums/1NybbGtRnS2FiOpnuK57AO', 'id': '1NybbGtRnS2FiOpnuK57AO', 'images': [{'height': 640, 'url': 'https://i.scdn.co/image/ab67616d0000b273f8291635e25ab89d45258624', 'width': 640}, {'height': 300, 'url': 'https://i.scdn.co/image/ab67616d00001e02f8291635e25ab89d45258624', 'width': 300}, {'height': 64, 'url': 'https://i.scdn.co/image/ab67616d00004851f8291635e25ab89d45258624', 'width': 64}], 'name': 'Prisoner of Circumstance', 'release_date': '2023-06-09', 'release_date_precision': 'day', 'uri': 'spotify:album:1NybbGtRnS2FiOpnuK57AO', 'artists': [{'external_urls': {'spotify': 'https://open.spotify.com/artist/4fpwOzxFRMVGfd197dKIdY'}, 'href': 'https://api.spotify.com/v1/artists/4fpwOzxFRMVGfd197dKIdY', 'id': '4fpwOzxFRMVGfd197dKIdY', 'name': 'Boldy James', 'type': 'artist', 'uri': 'spotify:artist:4fpwOzxFRMVGfd197dKIdY'}, {'external_urls': {'spotify': 'https://open.spotify.com/artist/71WAGa6lzYIgOOvGwifQtk'}, 'href': 'https://api.spotify.com/v1/artists/71WAGa6lzYIgOOvGwifQtk', 'id': '71WAGa6lzYIgOOvGwifQtk', 'name': 'ChanHays', 'type': 'artist', 'uri': 'spotify:artist:71WAGa6lzYIgOOvGwifQtk'}], 'external_urls': {'spotify': 'https://open.spotify.com/album/1NybbGtRnS2FiOpnuK57AO'}, 'total_tracks': 7}","[{'external_urls': {'spotify': 'https://open.spotify.com/artist/4fpwOzxFRMVGfd197dKIdY'}, 'href': 'https://api.spotify.com/v1/artists/4fpwOzxFRMVGfd197dKIdY', 'id': '4fpwOzxFRMVGfd197dKIdY', 'name': 'Boldy James', 'type': 'artist', 'uri': 'spotify:artist:4fpwOzxFRMVGfd197dKIdY'}, {'external_urls': {'spotify': 'https://open.spotify.com/artist/71WAGa6lzYIgOOvGwifQtk'}, 'href': 'https://api.spotify.com/v1/artists/71WAGa6lzYIgOOvGwifQtk', 'id': '71WAGa6lzYIgOOvGwifQtk', 'name': 'ChanHays', 'type': 'artist', 'uri': 'spotify:artist:71WAGa6lzYIgOOvGwifQtk'}]",1,4,216189,{'isrc': 'QM6P42362114'},{'spotify': 'https://open.spotify.com/track/7FM9XdexrrYaoPFZ6Ggn0k'},https://api.spotify.com/v1/tracks/7FM9XdexrrYaoPFZ6Ggn0k,7FM9XdexrrYaoPFZ6Ggn0k,Trust Issues,32,spotify:track:7FM9XdexrrYaoPFZ6Ggn0k,False
,[],True,track,False,True,"{'available_markets': [], 'type': 'album', 'album_type': 'album', 'href': 'https://api.spotify.com/v1/albums/0rEbmIQjHTKzKraH4UqiDy', 'id': '0rEbmIQjHTKzKraH4UqiDy', 'images': [{'height': 640, 'url': 'https://i.scdn.co/image/ab67616d0000b2737d79b9c2cacc84b20de67f80', 'width': 640}, {'height': 300, 'url': 'https://i.scdn.co/image/ab67616d00001e027d79b9c2cacc84b20de67f80', 'width': 300}, {'height': 64, 'url': 'https://i.scdn.co/image/ab67616d000048517d79b9c2cacc84b20de67f80', 'width': 64}], 'name': 'Cheat Codes', 'release_date': '2022-08-12', 'release_date_precision': 'day', 'uri': 'spotify:album:0rEbmIQjHTKzKraH4UqiDy', 'artists': [{'external_urls': {'spotify': 'https://open.spotify.com/artist/2dBj3prW7gP9bCCOIQeDUf'}, 'href': 'https://api.spotify.com/v1/artists/2dBj3prW7gP9bCCOIQeDUf', 'id': '2dBj3prW7gP9bCCOIQeDUf', 'name': 'Danger Mouse', 'type': 'artist', 'uri': 'spotify:artist:2dBj3prW7gP9bCCOIQeDUf'}, {'external_urls': {'spotify': 'https://open.spotify.com/artist/6DJEUXZm0e2rAohdoZ5Voo'}, 'href': 'https://api.spotify.com/v1/artists/6DJEUXZm0e2rAohdoZ5Voo', 'id': '6DJEUXZm0e2rAohdoZ5Voo', 'name': 'Black Thought', 'type': 'artist', 'uri': 'spotify:artist:6DJEUXZm0e2rAohdoZ5Voo'}], 'external_urls': {'spotify': 'https://open.spotify.com/album/0rEbmIQjHTKzKraH4UqiDy'}, 'total_tracks': 12}","[{'external_urls': {'spotify': 'https://open.spotify.com/artist/2dBj3prW7gP9bCCOIQeDUf'}, 'href': 'https://api.spotify.com/v1/artists/2dBj3prW7gP9bCCOIQeDUf', 'id': '2dBj3prW7gP9bCCOIQeDUf', 'name': 'Danger Mouse', 'type': 'artist', 'uri': 'spotify:artist:2dBj3prW7gP9bCCOIQeDUf'}, {'external_urls': {'spotify': 'https://open.spotify.com/artist/6DJEUXZm0e2rAohdoZ5Voo'}, 'href': 'https://api.spotify.com/v1/artists/6DJEUXZm0e2rAohdoZ5Voo', 'id': '6DJEUXZm0e2rAohdoZ5Voo', 'name': 'Black Thought', 'type': 'artist', 'uri': 'spotify:artist:6DJEUXZm0e2rAohdoZ5Voo'}]",1,2,134626,{'isrc': 'GB5KW2200499'},{'spotify': 'https://open.spotify.com/track/5rs2Jgvzv2rmXhC7cc6ido'},https://api.spotify.com/v1/tracks/5rs2Jgvzv2rmXhC7cc6ido,5rs2Jgvzv2rmXhC7cc6ido,Cheat Codes,0,spotify:track:5rs2Jgvzv2rmXhC7cc6ido,False
,"['AR', 'AU', 'AT', 'BE', 'BO', 'BR', 'BG', 'CL', 'CO', 'CR', 'CY', 'CZ', 'DK', 'DO', 'DE', 'EC', 'EE', 'SV', 'FI', 'FR', 'GR', 'GT', 'HN', 'HK', 'HU', 'IS', 'IE', 'IT', 'LV', 'LT', 'LU', 'MY', 'MT', 'NL', 'NZ', 'NI', 'NO', 'PA', 'PY', 'PE', 'PH', 'PL', 'PT', 'SG', 'SK', 'ES', 'SE', 'CH', 'TW', 'TR', 'UY', 'US', 'GB', 'AD', 'LI', 'MC', 'ID', 'JP', 'TH', 'VN', 'RO', 'IL', 'ZA', 'SA', 'AE', 'BH', 'QA', 'OM', 'KW', 'EG', 'MA', 'DZ', 'TN', 'LB', 'JO', 'PS', 'IN', 'KZ', 'MD', 'UA', 'AL', 'BA', 'HR', 'ME', 'MK', 'RS', 'SI', 'KR', 'BD', 'PK', 'LK', 'GH', 'KE', 'NG', 'TZ', 'UG', 'AG', 'AM', 'BS', 'BB', 'BZ', 'BT', 'BW', 'BF', 'CV', 'CW', 'DM', 'FJ', 'GM', 'GE', 'GD', 'GW', 'GY', 'HT', 'JM', 'KI', 'LS', 'LR', 'MW', 'MV', 'ML', 'MH', 'FM', 'NA', 'NR', 'NE', 'PW', 'PG', 'WS', 'SM', 'ST', 'SN', 'SC', 'SL', 'SB', 'KN', 'LC', 'VC', 'SR', 'TL', 'TO', 'TT', 'TV', 'VU', 'AZ', 'BN', 'BI', 'KH', 'CM', 'TD', 'KM', 'GQ', 'SZ', 'GA', 'GN', 'KG', 'LA', 'MO', 'MR', 'MN', 'NP', 'RW', 'TG', 'UZ', 'ZW', 'BJ', 'MG', 'MU', 'MZ', 'AO', 'CI', 'DJ', 'ZM', 'CD', 'CG', 'IQ', 'LY', 'TJ', 'VE', 'ET', 'XK']",True,track,False,True,"{'available_markets': ['AR', 'AU', 'AT', 'BE', 'BO', 'BR', 'BG', 'CL', 'CO', 'CR', 'CY', 'CZ', 'DK', 'DO', 'DE', 'EC', 'EE', 'SV', 'FI', 'FR', 'GR', 'GT', 'HN', 'HK', 'HU', 'IS', 'IE', 'IT', 'LV', 'LT', 'LU', 'MY', 'MT', 'NL', 'NZ', 'NI', 'NO', 'PA', 'PY', 'PE', 'PH', 'PL', 'PT', 'SG', 'SK', 'ES', 'SE', 'CH', 'TW', 'TR', 'UY', 'US', 'GB', 'AD', 'LI', 'MC', 'ID', 'JP', 'TH', 'VN', 'RO', 'IL', 'ZA', 'SA', 'AE', 'BH', 'QA', 'OM', 'KW', 'EG', 'MA', 'DZ', 'TN', 'LB', 'JO', 'PS', 'IN', 'KZ', 'MD', 'UA', 'AL', 'BA', 'HR', 'ME', 'MK', 'RS', 'SI', 'KR', 'BD', 'PK', 'LK', 'GH', 'KE', 'NG', 'TZ', 'UG', 'AG', 'AM', 'BS', 'BB', 'BZ', 'BT', 'BW', 'BF', 'CV', 'CW', 'DM', 'FJ', 'GM', 'GE', 'GD', 'GW', 'GY', 'HT', 'JM', 'KI', 'LS', 'LR', 'MW', 'MV', 'ML', 'MH', 'FM', 'NA', 'NR', 'NE', 'PW', 'PG', 'WS', 'SM', 'ST', 'SN', 'SC', 'SL', 'SB', 'KN', 'LC', 'VC', 'SR', 'TL', 'TO', 'TT', 'TV', 'VU', 'AZ', 'BN', 'BI', 'KH', 'CM', 'TD', 'KM', 'GQ', 'SZ', 'GA', 'GN', 'KG', 'LA', 'MO', 'MR', 'MN', 'NP', 'RW', 'TG', 'UZ', 'ZW', 'BJ', 'MG', 'MU', 'MZ', 'AO', 'CI', 'DJ', 'ZM', 'CD', 'CG', 'IQ', 'LY', 'TJ', 'VE', 'ET', 'XK'], 'type': 'album', 'album_type': 'album', 'href': 'https://api.spotify.com/v1/albums/3j1xCJdBMCl6wYQXurz2tb', 'id': '3j1xCJdBMCl6wYQXurz2tb', 'images': [{'height': 640, 'url': 'https://i.scdn.co/image/ab67616d0000b2739700390e9c33c62cfcd915ce', 'width': 640}, {'height': 300, 'url': 'https://i.scdn.co/image/ab67616d00001e029700390e9c33c62cfcd915ce', 'width': 300}, {'height': 64, 'url': 'https://i.scdn.co/image/ab67616d000048519700390e9c33c62cfcd915ce', 'width': 64}], 'name': 'Vol.2... Hard Knock Life', 'release_date': '1998-11-29', 'release_date_precision': 'day', 'uri': 'spotify:album:3j1xCJdBMCl6wYQXurz2tb', 'artists': [{'external_urls': {'spotify': 'https://open.spotify.com/artist/3nFkdlSjzX9mRTtwJOzDYB'}, 'href': 'https://api.spotify.com/v1/artists/3nFkdlSjzX9mRTtwJOzDYB', 'id': '3nFkdlSjzX9mRTtwJOzDYB', 'name': 'JAY-Z', 'type': 'artist', 'uri': 'spotify:artist:3nFkdlSjzX9mRTtwJOzDYB'}], 'external_urls': {'spotify': 'https://open.spotify.com/album/3j1xCJdBMCl6wYQXurz2tb'}, 'total_tracks': 14}","[{'external_urls': {'spotify': 'https://open.spotify.com/artist/3nFkdlSjzX9mRTtwJOzDYB'}, 'href': 'https://api.spotify.com/v1/artists/3nFkdlSjzX9mRTtwJOzDYB', 'id': '3nFkdlSjzX9mRTtwJOzDYB', 'name': 'JAY-Z', 'type': 'artist', 'uri': 'spotify:artist:3nFkdlSjzX9mRTtwJOzDYB'}]",1,2,238466,{'isrc': 'USRL19800886'},{'spotify': 'https://open.spotify.com/track/5Tl0HJvynZtKdSUMKbFVVX'},https://api.spotify.com/v1/tracks/5Tl0HJvynZtKdSUMKbFVVX,5Tl0HJvynZtKdSUMKbFVVX,Hard Knock Life (Ghetto Anthem),68,spotify:track:5Tl0HJvynZtKdSUMKbFVVX,False
,"['AR', 'AU', 'AT', 'BE', 'BO', 'BR', 'BG', 'CA', 'CL', 'CO', 'CR', 'CY', 'CZ', 'DK', 'DO', 'DE', 'EC', 'EE', 'SV', 'FI', 'FR', 'GR', 'GT', 'HN', 'HK', 'HU', 'IS', 'IE', 'IT', 'LV', 'LT', 'LU', 'MY', 'MT', 'MX', 'NL', 'NZ', 'NI', 'NO', 'PA', 'PY', 'PE', 'PH', 'PL', 'PT', 'SG', 'SK', 'ES', 'SE', 'CH', 'TW', 'TR', 'UY', 'US', 'GB', 'AD', 'LI', 'MC', 'ID', 'JP', 'TH', 'VN', 'RO', 'IL', 'ZA', 'SA', 'AE', 'BH', 'QA', 'OM', 'KW', 'EG', 'MA', 'DZ', 'TN', 'LB', 'JO', 'PS', 'IN', 'BY', 'KZ', 'MD', 'UA', 'AL', 'BA', 'HR', 'ME', 'MK', 'RS', 'SI', 'KR', 'BD', 'PK', 'LK', 'GH', 'KE', 'NG', 'TZ', 'UG', 'AG', 'AM', 'BS', 'BB', 'BZ', 'BT', 'BW', 'BF', 'CV', 'CW', 'DM', 'FJ', 'GM', 'GE', 'GD', 'GW', 'GY', 'HT', 'JM', 'KI', 'LS', 'LR', 'MW', 'MV', 'ML', 'MH', 'FM', 'NA', 'NR', 'NE', 'PW', 'PG', 'PR', 'WS', 'SM', 'ST', 'SN', 'SC', 'SL', 'SB', 'KN', 'LC', 'VC', 'SR', 'TL', 'TO', 'TT', 'TV', 'VU', 'AZ', 'BN', 'BI', 'KH', 'CM', 'TD', 'KM', 'GQ', 'SZ', 'GA', 'GN', 'KG', 'LA', 'MO', 'MR', 'MN', 'NP', 'RW', 'TG', 'UZ', 'ZW', 'BJ', 'MG', 'MU', 'MZ', 'AO', 'CI', 'DJ', 'ZM', 'CD', 'CG', 'IQ', 'LY', 'TJ', 'VE', 'ET', 'XK']",True,track,False,True,"{'available_markets': ['AR', 'AU', 'AT', 'BE', 'BO', 'BR', 'BG', 'CA', 'CL', 'CO', 'CR', 'CY', 'CZ', 'DK', 'DO', 'DE', 'EC', 'EE', 'SV', 'FI', 'FR', 'GR', 'GT', 'HN', 'HK', 'HU', 'IS', 'IE', 'IT', 'LV', 'LT', 'LU', 'MY', 'MT', 'MX', 'NL', 'NZ', 'NI', 'NO', 'PA', 'PY', 'PE', 'PH', 'PL', 'PT', 'SG', 'SK', 'ES', 'SE', 'CH', 'TW', 'TR', 'UY', 'US', 'GB', 'AD', 'LI', 'MC', 'ID', 'JP', 'TH', 'VN', 'RO', 'IL', 'ZA', 'SA', 'AE', 'BH', 'QA', 'OM', 'KW', 'EG', 'MA', 'DZ', 'TN', 'LB', 'JO', 'PS', 'IN', 'BY', 'KZ', 'MD', 'UA', 'AL', 'BA', 'HR', 'ME', 'MK', 'RS', 'SI', 'KR', 'BD', 'PK', 'LK', 'GH', 'KE', 'NG', 'TZ', 'UG', 'AG', 'AM', 'BS', 'BB', 'BZ', 'BT', 'BW', 'BF', 'CV', 'CW', 'DM', 'FJ', 'GM', 'GE', 'GD', 'GW', 'GY', 'HT', 'JM', 'KI', 'LS', 'LR', 'MW', 'MV', 'ML', 'MH', 'FM', 'NA', 'NR', 'NE', 'PW', 'PG', 'PR', 'WS', 'SM', 'ST', 'SN', 'SC', 'SL', 'SB', 'KN', 'LC', 'VC', 'SR', 'TL', 'TO', 'TT', 'TV', 'VU', 'AZ', 'BN', 'BI', 'KH', 'CM', 'TD', 'KM', 'GQ', 'SZ', 'GA', 'GN', 'KG', 'LA', 'MO', 'MR', 'MN', 'NP', 'RW', 'TG', 'UZ', 'ZW', 'BJ', 'MG', 'MU', 'MZ', 'AO', 'CI', 'DJ', 'ZM', 'CD', 'CG', 'IQ', 'LY', 'TJ', 'VE', 'ET', 'XK'], 'type': 'album', 'album_type': 'single', 'href': 'https://api.spotify.com/v1/albums/5iUwaD3wFVwfaAfs9Z0eCh', 'id': '5iUwaD3wFVwfaAfs9Z0eCh', 'images': [{'height': 640, 'url': 'https://i.scdn.co/image/ab67616d0000b273ab8995f18dc3dd9f34a6acd4', 'width': 640}, {'height': 300, 'url': 'https://i.scdn.co/image/ab67616d00001e02ab8995f18dc3dd9f34a6acd4', 'width': 300}, {'height': 64, 'url': 'https://i.scdn.co/image/ab67616d00004851ab8995f18dc3dd9f34a6acd4', 'width': 64}], 'name': 'BEST INTEREST', 'release_date': '2020-01-25', 'release_date_precision': 'day', 'uri': 'spotify:album:5iUwaD3wFVwfaAfs9Z0eCh', 'artists': [{'external_urls': {'spotify': 'https://open.spotify.com/artist/4V8LLVI7PbaPR0K2TGSxFF'}, 'href': 'https://api.spotify.com/v1/artists/4V8LLVI7PbaPR0K2TGSxFF', 'id': '4V8LLVI7PbaPR0K2TGSxFF', 'name': 'Tyler, The Creator', 'type': 'artist', 'uri': 'spotify:artist:4V8LLVI7PbaPR0K2TGSxFF'}], 'external_urls': {'spotify': 'https://open.spotify.com/album/5iUwaD3wFVwfaAfs9Z0eCh'}, 'total_tracks': 1}","[{'external_urls': {'spotify': 'https://open.spotify.com/artist/4V8LLVI7PbaPR0K2TGSxFF'}, 'href': 'https://api.spotify.com/v1/artists/4V8LLVI7PbaPR0K2TGSxFF', 'id': '4V8LLVI7PbaPR0K2TGSxFF', 'name': 'Tyler, The Creator', 'type': 'artist', 'uri': 'spotify:artist:4V8LLVI7PbaPR0K2TGSxFF'}]",1,1,127921,{'isrc': 'USQX92000078'},{'spotify': 'https://open.spotify.com/track/3jHdKaLCkuNEkWcLVmQPCX'},https://api.spotify.com/v1/tracks/3jHdKaLCkuNEkWcLVmQPCX,3jHdKaLCkuNEkWcLVmQPCX,BEST INTEREST,81,spotify:track:3jHdKaLCkuNEkWcLVmQPCX,False
